Player,FinalRating
TES_25_Henny REISTAD,4993.00
KBH_21_Helene KINDBERG,4706.00
HHE_14_Mai KRAGBALLE,4665.00
AHB_17_Line Berggren LARSEN,4511.00
SJE_7_Melissa PETRÉN,4284.00
TES_4_Michala MØLLER,4182.00
KBH_17_Tabea SCHMID,4090.00
BFH_7_Line GYLDENLØVE,4055.00
VHK_26_Christina PEDERSEN,4040.00
NFH_26_Mona OBAIDLI,4008.00
IKA_7_Stine SKOGRAND,3984.00
VHK_77_Jana MITTÚN,3881.00
RIN_15_Jane MEJLVANG,3714.00
EHA_30_Clara LERBY,3697.00
IKA_14_Emma LINDQVIST,3665.00
TES_8_Live RUSHFELDT DEILA,3620.00
IKA_21_Ingvild BAKKERUD,3505.00
RIN_3_Maria Berger WIERZBA,3487.00
ODE_33_Thale Rushfeldt DEILA,3469.00
AHB_15_Sofia DEEN,3407.00
SVK_4_Maria HOLM,3363.00
VHK_5_Marielle MARTINSEN,3359.00
SVK_6_Thea RASMUSSEN,3330.00
EHA_23_Silje BRØNS,3311.00
SJE_31_Ida-Marie DAHL,3301.00
SJE_28_Sarah PAULSEN,3300.00
SKB_3_Clara BANG,3263.00
VHK_19_Sara HALD,3215.00
ODE_68_Helena ELVER,3212.00
SKB_14_Verona REXHEPI,3209.00
NFH_18_Alberte KIELSTRUP,3122.00
AHB_14_Anna Berger WIERZBA,3066.00
RIN_20_Stine Opstrup KRISTENSEN,3006.00
KBH_4_Catharina MOLENAAR,2983.00
AHB_18_Mathilde ØSTERGAARD,2965.00
KBH_15_Emma NAVNE,2901.00
ODE_22_Ragnhild DAHL,2894.00
ODE_8_Helene FAUSKE,2868.00
SKB_11_Mia LAGUMDZIJA,2857.00
NFH_2_Caroline AAR,2852.00
BFH_72_Line FRANDSEN,2786.00
NFH_34_Sofie BARDRUM,2778.00
EHA_21_Frederikke GULMARK,2775.00
SJE_14_Louise ELLEBÆK,2757.00
IKA_17_Simone PETERSEN,2749.00
ODE_23_Elma HALILCEVIC,2722.00
VHK_62_Louise SØNDERGAARD,2691.00
IKA_22_Lærke NOLSØE,2676.00
SKB_25_Astrid LYNNERUP,2674.00
EHA_5_Anna Hviid BANG,2674.00
RIN_18_Emilie ROSBORG,2671.00
SVK_31_Andrea West BENDTSEN,2664.00
RIN_23_Nanna HINNERFELDT,2636.00
HHE_7_Maria Palsdottir NÓLSOY,2610.00
TES_22_Line HAUGSTED,2606.00
NFH_7_Amalie WULFF,2593.00
KBH_10_Pernille BRANDENBORG,2590.00
SVK_11_Sara MADSEN,2566.00
ODE_3_Maren AARDAHL,2558.00
ODE_10_Anna GRUNDTVIG,2551.00
SJE_22_Olivia SIMONSEN,2550.00
ODE_32_Mie HØJLUND,2534.00
EHA_19_Mette BRANDT,2530.00
IKA_8_Jamina ROBERTS,2525.00
SKB_2_Boline LAURSEN,2512.00
ODE_44_Nikita Van Der VLIET,2489.00
ODE_28_Clara Skyum THOMSEN,2488.00
HHE_19_Frida Haug HOEL,2476.00
SJE_17_June BØTTGER,2475.00
ODE_20_Lysa DEFO,2466.00
SJE_10_Nicoline OLSEN,2426.00
RIN_10_Frida Høgaard NIELSEN,2416.00
NFH_79_Kristina KRISTIANSEN,2415.00
KBH_7_Emilie Ytting PEDERSEN,2409.00
NFH_6_Moa HÖGDAHL,2408.00
BFH_18_Sidsel POULSEN,2402.00
ODE_27_Louise BURGAARD,2400.00
ODE_34_Andrea HANSEN,2395.00
NFH_20_Maja MAGNUSSEN,2391.00
RIN_2_Cecilie BJERRE,2379.00
TES_3_Kaja Kamp NIELSEN,2358.00
KBH_9_Ditte BACH,2349.00
SKB_44_Nicoline LAURITSEN,2348.00
BFH_4_Emilie BANGSHØI,2345.00
SVK_21_Maja EDLING,2337.00
HHE_21_Romee MAARSCHALKEWEERD,2335.00
SVK_15_Karen KLOKKER,2331.00
HHE_33_Laura Holm ANDERSEN,2329.00
BFH_44_Louise HALD,2312.00
HHE_22_Sille Cecilie SORTH,2306.00
SJE_6_Lea HANSEN,2298.00
HHE_39_Melanie BAK,2298.00
SVK_23_Thilde FRANDSEN,2287.00
EHA_28_Maiken SKOV,2276.00
IKA_6_Cecilie BRANDT,2274.00
KBH_11_Martha NICKELSEN,2272.00
VHK_14_Camilla DEGN,2252.00
VHK_18_Henriette HANSEN,2244.00
IKA_18_Maria LYKKEGAARD,2241.00
KBH_22_Stine JØRGENSEN,2241.00
IKA_11_Sarah Aaberg IVERSEN,2238.00
BFH_11_Arlinda HAJDARI,2203.00
EHA_4_Cecilie TERMANSEN,2198.00
IKA_51_Markéta JERÁBKOVÁ,2193.00
BFH_31_Marianne HAUGSTED,2163.00
ODE_6_Malin AUNE,2143.00
SVK_7_Maja Munch LAURSEN,2143.00
TES_17_Elin HANSSON,2141.00
KBH_5_Clara SKØTT,2139.00
SKB_4_Emilie BECH,2123.00
IKA_77_Line Mai HOUGAARD,2116.00
NFH_49_Aimée VON PEREIRA,2100.00
SKB_10_Filippa NEDOVIC,2092.00
TES_29_Sarah DEKKER,2086.00
EHA_7_Marlene DAHLMANN,2079.00
NFH_21_Matilde VESTERGAARD,2079.00
BFH_25_Laura JENSEN,2055.00
TES_24_Sanna SOLBERG,2051.00
RIN_22_Sofie ØSTERGAARD,2014.00
TES_20_Marit Røsberg JACOBSEN,2006.00
TES_11_Rikke IVERSEN,2001.00
HHE_11_Fanny ELOVSSON,1998.00
SVK_3_Isabella POULSEN,1989.00
SKB_20_Suna HANSEN,1988.00
RIN_33_Emma LAURSEN,1987.00
NFH_11_Rosa SCHMIDT,1982.00
BFH_10_Melina KRISTENSEN,1981.00
AHB_3_Sarah Vest KIRKELØKKE,1967.00
AHB_25_Ida GÖTZSCHE,1953.00
HHE_27_Annette WIRÉN LARSEN,1952.00
EHA_22_Mirja LYNGSØ,1949.00
TES_38_Mia EMMENEGGER,1947.00
SVK_27_Marigona HAJDARI,1940.00
TES_18_Mette TRANBORG,1928.00
TES_27_Anne Tolstrup PETERSEN,1928.00
VHK_3_Alberte SIMONSEN,1920.00
EHA_9_Camilla THORHAUGE,1909.00
HHE_9_Annika MEYER,1908.00
KBH_7_Emilie YTTING,1908.00
AHB_4_Katrine JACOBSEN,1901.00
VHK_8_Elma ÖRTEMARK,1900.00
AHB_77_Alberte EBLER,1900.00
BFH_19_Rikke Dahl NIELSEN,1878.00
BFH_21_Emma ERNST,1856.00
AHB_23_Nikoline SAX,1825.00
IKA_2_Matilde KONDRUP NIELSEN,1824.00
HHE_10_Mathilda LUNDSTRØM,1812.00
NFH_22_Zoë SPRENGERS,1811.00
EHA_10_Sofie LASSEN,1810.00
SKB_22_Anne-Sofie FILTENBORG,1805.00
SVK_18_Natasja ANDREASEN,1800.00
VHK_21_Anne HYKKELBJERG,1794.00
SJE_8_Karine DAHLUM,1793.00
SKB_7_Annika Solberg DALSAGER,1789.00
SJE_24_Josefine DRAGENBERG,1786.00
KBH_6_Freja COHRT,1775.00
BFH_9_Mathilde PIIL,1774.00
VHK_9_Laura THESTRUP,1771.00
TES_10_Kathrine HEINDAHL,1770.00
RIN_19_Rikke JOCHUMSEN,1764.00
TES_14_Judith VAN DER HELM,1744.00
SKB_15_Astrid LESLIE,1743.00
SVK_13_Mathilde KRISTENSEN,1739.00
SKB_26_Christina HANSEN,1722.00
ODE_38_Yara TEN HOLTE,1714.00
KBH_25_Tonje LØSETH,1714.00
AHB_10_Frederikke WAAGE-JENSEN,1711.00
RIN_8_Camilla PEDERSEN,1698.00
EHA_17_Lin JOHANNSEN,1693.00
IKA_19_Amanda Loft HANSEN,1693.00
RIN_5_Caroline SVARRE,1676.00
HHE_3_Alma SKRETTING,1676.00
IKA_20_Ane HØGSETH,1660.00
TES_8_Live DEILA,1655.00
IKA_10_Sofia STENHOLT,1655.00
SVK_19_Laura Galle HANSEN,1654.00
SKB_6_Josefine Kaae LARSEN,1654.00
EHA_8_Tine GEERTSEN,1652.00
NFH_15_Kalidiatou NIAKATE,1646.00
NFH_8_Stine EIBERG,1638.00
BFH_5_Sofie LUND,1621.00
SKB_12_Sarah ERNEBJERG,1620.00
RIN_73_Karoline FAHLBERG,1619.00
TES_28_Merel FREDRIKS,1615.00
TES_7_Luciana REBELO,1614.00
SJE_15_Sara IBRANOVIC,1612.00
EHA_3_Liv SVEINBJØRNSDÓTTIR,1599.00
AHB_2_Majken Hedegaard NIELSEN,1596.00
SKB_49_Aimée VON PEREIRA,1590.00
SVK_22_Line HAUGSTED,1580.00
BFH_29_Sara LILHOLT,1576.00
SJE_11_Pernille JOHANNSEN,1573.00
AHB_11_Sophia SNOGDAL,1572.00
NFH_1_Sofie BÖRJESSON,1570.00
SJE_9_Filippa NYMAN,1570.00
SVK_8_Maria JACOBSEN,1570.00
EHA_16_Johanne GRAUGAARD,1566.00
AHB_22_Alberte EBLER,1564.00
HHE_6_Maria HØJGAARD,1562.00
VHK_49_Clara Bro VEILGAARD,1560.00
SVK_22_Lærke NOLSØE,1560.00
SKB_22_Ragnhild DAHL,1560.00
BFH_2_Boline LAURSEN,1560.00
HHE_25_Smilla HEDE,1556.00
NFH_29_Julie Vibe SEEBERG,1552.00
EHA_1_Annika FRIDHEIM,1552.00
IKA_19_Sara HALD,1550.00
SVK_21_Ingvild BAKKERUD,1550.00
AHB_6_Freja GANDRUP ERNST,1550.00
IKA_3_Maren AARDAHL,1550.00
SKB_10_Sofie LASSEN,1550.00
AHB_86_Sabine ENGLERT,1548.00
TES_16_Amalie MILLING,1548.00
AHB_22_Tania Bilde KNUDSEN,1548.00
IKA_12_Filippa IDÉHN,1546.00
SKB_16_Anna Mathilde Nordvig HANSEN,1546.00
KBH_2_Bianca SCHANSSEMA,1544.00
ODE_16_Althea REINHARDT,1542.00
RIN_8_Stine EIBERG,1540.00
SVK_24_Sanna SOLBERG,1540.00
BFH_7_Stine SKOGRAND,1540.00
SKB_3_Sarah Vest KIRKELØKKE,1540.00
VHK_21_Ingvild BAKKERUD,1540.00
RIN_21_Romee MAARSCHALKEWEERD,1540.00
HHE_23_Nanna HINNERFELDT,1540.00
SJE_23_Thilde FRANDSEN,1540.00
HHE_21_Matilde VESTERGAARD,1540.00
AHB_21_Ingvild BAKKERUD,1540.00
SKB_3_Maren AARDAHL,1540.00
ODE_12_Anna KRISTENSEN,1540.00
AHB_1_Elin THORSTEINSDOTTIR,1540.00
BFH_23_Nanna HINNERFELDT,1540.00
SKB_11_Rikke IVERSEN,1540.00
AHB_23_Thilde FRANDSEN,1540.00
HHE_11_Rikke IVERSEN,1540.00
SJE_8_Stine EIBERG,1540.00
NFH_14_Louise ELLEBÆK,1540.00
SKB_7_Stine SKOGRAND,1540.00
SJE_10_Sofie LASSEN,1540.00
SVK_21_Romee MAARSCHALKEWEERD,1540.00
SVK_2_Boline LAURSEN,1540.00
KBH_21_Ingvild BAKKERUD,1540.00
KBH_47_Agnes HVIDSTEEN,1538.00
VHK_75_Julie Boendorf JOHANSEN,1536.00
VHK_16_Louise Bak JENSEN,1534.00
RIN_16_Stephanie ANDERSEN,1532.00
SJE_12_Stine BROLØS,1532.00
AHB_8_Freja GANDRUP ERNST,1532.00
EHA_20_Lysa DEFO,1530.00
IKA_19_Rikke Dahl NIELSEN,1530.00
IKA_18_Sidsel POULSEN,1530.00
SJE_77_Jana MITTÚN,1530.00
SVK_22_Olivia SIMONSEN,1530.00
SJE_17_Line Berggren LARSEN,1530.00
HHE_33_Thale Rushfeldt DEILA,1530.00
HHE_6_Malin AUNE,1530.00
HHE_3_Maren AARDAHL,1530.00
HHE_68_Helena ELVER,1530.00
BFH_5_Marielle MARTINSEN,1530.00
RIN_14_Verona REXHEPI,1530.00
IKA_4_Maria HOLM,1530.00
EHA_33_Laura Holm ANDERSEN,1530.00
SJE_23_Elma HALILCEVIC,1530.00
ODE_28_Sarah PAULSEN,1530.00
SVK_18_Sidsel POULSEN,1530.00
BFH_4_Maria HOLM,1530.00
SVK_10_Sofie LASSEN,1530.00
SKB_33_Laura Holm ANDERSEN,1530.00
SVK_17_Line Berggren LARSEN,1530.00
HHE_22_Lærke NOLSØE,1530.00
IKA_2_Caroline AAR,1530.00
SJE_49_Aimée VON PEREIRA,1530.00
SVK_23_Nanna HINNERFELDT,1530.00
RIN_31_Andrea West BENDTSEN,1530.00
SVK_20_Lysa DEFO,1530.00
AHB_44_Nikita Van Der VLIET,1530.00
AHB_3_Maren AARDAHL,1530.00
IKA_26_Anne Katrine NOWAK,1530.00
SKB_15_Karen KLOKKER,1530.00
SKB_4_Maria HOLM,1530.00
NFH_23_Elma HALILCEVIC,1530.00
SJE_17_Tabea SCHMID,1530.00
SKB_20_Maja MAGNUSSEN,1530.00
SKB_21_Romee MAARSCHALKEWEERD,1530.00
SKB_9_Cecilie Frydendahl NØRSKOV,1528.00
RIN_88_Rakul WARDUM,1528.00
TES_9_Nora MØRK,1522.00
EHA_33_Thale Rushfeldt DEILA,1520.00
NFH_5_Caroline SVARRE,1520.00
TES_31_Andrea West BENDTSEN,1520.00
IKA_9_Mathilde PIIL,1520.00
BFH_10_Sofia STENHOLT,1520.00
IKA_72_Line FRANDSEN,1520.00
VHK_28_Sarah PAULSEN,1520.00
SKB_18_Mathilde ØSTERGAARD,1520.00
KBH_20_Anne Christine BOSSEN,1520.00
IKA_26_Christina PEDERSEN,1520.00
VHK_11_Sarah Aaberg IVERSEN,1520.00
VHK_18_Maria LYKKEGAARD,1520.00
ODE_2_Caroline AAR,1520.00
SKB_21_Helene KINDBERG,1520.00
SJE_4_Maria HOLM,1520.00
SVK_31_Ida-Marie DAHL,1520.00
SVK_6_Lea HANSEN,1520.00
SJE_7_Maja Munch LAURSEN,1520.00
BFH_4_Cecilie TERMANSEN,1520.00
BFH_22_Mirja LYNGSØ,1520.00
ODE_3_Alma SKRETTING,1520.00
BFH_19_Sara HALD,1520.00
HHE_49_Aimée VON PEREIRA,1520.00
HHE_26_Mona OBAIDLI,1520.00
HHE_2_Caroline AAR,1520.00
HHE_20_Maja MAGNUSSEN,1520.00
IKA_24_Johanne Lasthein ANDERSEN,1520.00
AHB_18_Maria LYKKEGAARD,1520.00
SKB_33_Thale Rushfeldt DEILA,1520.00
SKB_20_Lysa DEFO,1520.00
SKB_28_Clara Skyum THOMSEN,1520.00
ODE_10_Filippa NEDOVIC,1520.00
RIN_10_Kathrine HEINDAHL,1520.00
RIN_25_Henny REISTAD,1520.00
SJE_21_Helene KINDBERG,1520.00
KBH_10_Nicoline OLSEN,1520.00
SJE_10_Pernille BRANDENBORG,1520.00
NFH_25_Astrid LYNNERUP,1520.00
SJE_19_Rikke JOCHUMSEN,1520.00
HHE_4_Cecilie TERMANSEN,1520.00
HHE_10_Sofie LASSEN,1520.00
SJE_8_Helene FAUSKE,1520.00
SJE_33_Thale Rushfeldt DEILA,1520.00
AHB_19_Sara HALD,1520.00
IKA_20_Lysa DEFO,1520.00
IKA_34_Andrea HANSEN,1520.00
BFH_5_Caroline SVARRE,1520.00
SKB_8_Live RUSHFELDT DEILA,1520.00
SKB_4_Michala MØLLER,1520.00
TES_25_Astrid LYNNERUP,1520.00
AHB_72_Line FRANDSEN,1520.00
SVK_30_Clara LERBY,1520.00
IKA_33_Emma LAURSEN,1520.00
RIN_21_Ingvild BAKKERUD,1520.00
RIN_22_Lærke NOLSØE,1520.00
NFH_10_Kathrine HEINDAHL,1520.00
HHE_14_Louise ELLEBÆK,1520.00
SVK_4_Katrine JACOBSEN,1520.00
HHE_51_Markéta JERÁBKOVÁ,1520.00
HHE_10_Kathrine HEINDAHL,1520.00
SJE_26_Mona OBAIDLI,1520.00
SVK_21_Helene KINDBERG,1520.00
SKB_22_Mirja LYNGSØ,1520.00
SKB_14_Louise ELLEBÆK,1520.00
EHA_8_Live RUSHFELDT DEILA,1520.00
VHK_44_Nikita Van Der VLIET,1520.00
HHE_72_Line FRANDSEN,1520.00
HHE_31_Marianne HAUGSTED,1520.00
SKB_21_Ingvild BAKKERUD,1520.00
SJE_18_Mette TRANBORG,1520.00
SJE_22_Line HAUGSTED,1520.00
VHK_8_Stine EIBERG,1520.00
TES_21_Ingvild BAKKERUD,1520.00
KBH_15_Jane MEJLVANG,1520.00
SKB_18_Sidsel POULSEN,1520.00
SJE_4_Cecilie TERMANSEN,1520.00
EHA_6_Lea HANSEN,1520.00
AHB_49_Aimée VON PEREIRA,1520.00
BFH_18_Mette TRANBORG,1520.00
SJE_18_Maria LYKKEGAARD,1520.00
IKA_22_Olivia SIMONSEN,1520.00
IKA_28_Sarah PAULSEN,1520.00
VHK_14_Verona REXHEPI,1520.00
RIN_10_Sofie LASSEN,1520.00
EHA_22_Lærke NOLSØE,1520.00
HHE_18_Mathilde ØSTERGAARD,1520.00
SKB_31_Andrea West BENDTSEN,1520.00
SVK_14_Verona REXHEPI,1520.00
SJE_72_Line FRANDSEN,1520.00
BFH_22_Olivia SIMONSEN,1520.00
SJE_25_Laura JENSEN,1520.00
SJE_20_Clara BAK,1520.00
IKA_11_Arlinda HAJDARI,1520.00
BFH_17_Simone PETERSEN,1520.00
AHB_14_Verona REXHEPI,1520.00
AHB_2_Boline LAURSEN,1520.00
SJE_21_Anne HYKKELBJERG,1520.00
17_Elin HANSSON,1520.00
AHB_24_Sanna SOLBERG,1520.00
ODE_18_Alberte KIELSTRUP,1520.00
VHK_4_Emilie BANGSHØI,1520.00
BFH_21_Anne HYKKELBJERG,1520.00
HHE_18_Kirstine Emilie HOPPE,1520.00
SKB_18_Emilie ROSBORG,1520.00
SJE_10_Frederikke WAAGE-JENSEN,1520.00
AHB_8_Jamina ROBERTS,1520.00
SKB_6_Malin AUNE,1520.00
SKB_23_Elma HALILCEVIC,1520.00
RIN_29_Sarah DEKKER,1520.00
EHA_9_Laura THESTRUP,1520.00
SVK_26_Christina PEDERSEN,1520.00
BFH_17_Line Berggren LARSEN,1520.00
EHA_31_Andrea West BENDTSEN,1520.00
SKB_4_Cecilie TERMANSEN,1520.00
ODE_21_Ingvild BAKKERUD,1520.00
ODE_8_Jamina ROBERTS,1520.00
SVK_7_Emma MOGENSEN,1520.00
ODE_19_Rikke Dahl NIELSEN,1520.00
TES_12_Anna KRISTENSEN,1518.00
NFH_12_Catharina BROCH,1516.00
VHK_73_Nanna Skovmose VINTHER,1516.00
TES_26_Nicoline Kjær NIELSEN,1516.00
SKB_1_Isabella MATHORNE,1516.00
NFH_14_Verona REXHEPI,1514.00
SJE_26_Nora PERSSON,1514.00
22_Line HAUGSTED,1514.00
VHK_12_Filippa IDÉHN,1514.00
VHK_20_Clara BAK,1514.00
HHE_21_Romee MAARSCHALKEWEERD1,1514.00
ODE_26_Katrine LUNDE,1514.00
SVK_22_Stine BONDE,1512.00
IKA_23_Lina Thorstein LÜTZHØFT,1512.00
ODE_9_Camilla THORHAUGE,1510.00
EHA_44_Nikita Van Der VLIET,1510.00
EHA_10_Anna GRUNDTVIG,1510.00
RIN_18_Alberte KIELSTRUP,1510.00
NFH_19_Rikke JOCHUMSEN,1510.00
SVK_11_Rikke IVERSEN,1510.00
SVK_3_Kaja Kamp NIELSEN,1510.00
BFH_11_Sarah Aaberg IVERSEN,1510.00
IKA_5_Sofie LUND,1510.00
VHK_9_Filippa NYMAN,1510.00
VHK_6_Lea HANSEN,1510.00
SKB_25_Ida GÖTZSCHE,1510.00
AHB_6_Josefine Kaae LARSEN,1510.00
IKA_62_Louise SØNDERGAARD,1510.00
VHK_7_Stine SKOGRAND,1510.00
IKA_49_Clara Bro VEILGAARD,1510.00
VHK_51_Markéta JERÁBKOVÁ,1510.00
RIN_9_Annika MEYER,1510.00
RIN_33_Laura Holm ANDERSEN,1510.00
NFH_32_Mie HØJLUND,1510.00
ODE_22_Zoë SPRENGERS,1510.00
TES_5_Katarina BERENS,1510.00
AHB_25_Henny REISTAD,1510.00
AHB_22_Line HAUGSTED,1510.00
TES_17_Line Berggren LARSEN,1510.00
SKB_10_Pernille BRANDENBORG,1510.00
SVK_10_Nicoline OLSEN,1510.00
SJE_31_Andrea West BENDTSEN,1510.00
SVK_17_June BØTTGER,1510.00
SVK_9_Filippa NYMAN,1510.00
SJE_18_Natasja ANDREASEN,1510.00
EHA_7_Line GYLDENLØVE,1510.00
EHA_44_Louise HALD,1510.00
AHB_6_Lea HANSEN,1510.00
AHB_22_Olivia SIMONSEN,1510.00
SJE_25_Ida GÖTZSCHE,1510.00
AHB_14_Louise ELLEBÆK,1510.00
KBH_20_Marit Røsberg JACOBSEN,1510.00
KBH_25_Henny REISTAD,1510.00
TES_21_Helene KINDBERG,1510.00
NFH_8_Tine GEERTSEN,1510.00
EHA_2_Caroline AAR,1510.00
ODE_14_Mai KRAGBALLE,1510.00
ODE_9_Annika MEYER,1510.00
HHE_22_Ragnhild DAHL,1510.00
BFH_26_Christina PEDERSEN,1510.00
VHK_11_Arlinda HAJDARI,1510.00
BFH_77_Jana MITTÚN,1510.00
VHK_31_Marianne HAUGSTED,1510.00
RIN_10_Filippa NEDOVIC,1510.00
SKB_10_Frida Høgaard NIELSEN,1510.00
IKA_18_Natasja ANDREASEN,1510.00
IKA_27_Marigona HAJDARI,1510.00
SVK_7_Stine SKOGRAND,1510.00
IKA_23_Thilde FRANDSEN,1510.00
SVK_14_Emma LINDQVIST,1510.00
SVK_10_Sofia STENHOLT,1510.00
HHE_8_Stine EIBERG,1510.00
HHE_22_Zoë SPRENGERS,1510.00
HHE_18_Alberte KIELSTRUP,1510.00
AHB_11_Sarah Aaberg IVERSEN,1510.00
ODE_2_Boline LAURSEN,1510.00
ODE_25_Astrid LYNNERUP,1510.00
SKB_32_Mie HØJLUND,1510.00
KBH_22_Olivia SIMONSEN,1510.00
KBH_28_Sarah PAULSEN,1510.00
VHK_10_Sofie LASSEN,1510.00
VHK_5_Anna Hviid BANG,1510.00
EHA_14_Camilla DEGN,1510.00
IKA_22_Stine JØRGENSEN,1510.00
IKA_9_Ditte BACH,1510.00
NFH_4_Emilie BECH,1510.00
SKB_8_Stine EIBERG,1510.00
SKB_18_Alberte KIELSTRUP,1510.00
SKB_22_Zoë SPRENGERS,1510.00
SKB_26_Mona OBAIDLI,1510.00
ODE_20_Marit Røsberg JACOBSEN,1510.00
TES_16_Althea REINHARDT,1510.00
SJE_5_Caroline SVARRE,1510.00
SJE_20_Stine Opstrup KRISTENSEN,1510.00
RIN_28_Sarah PAULSEN,1510.00
SJE_8_Camilla PEDERSEN,1510.00
EHA_11_Fanny ELOVSSON,1510.00
EHA_27_Annette WIRÉN LARSEN,1510.00
EHA_10_Mathilda LUNDSTRØM,1510.00
SVK_5_Marielle MARTINSEN,1510.00
VHK_31_Andrea West BENDTSEN,1510.00
SVK_21_Anne HYKKELBJERG,1510.00
VHK_27_Marigona HAJDARI,1510.00
VHK_7_Maja Munch LAURSEN,1510.00
SJE_22_Ragnhild DAHL,1510.00
SJE_44_Nikita Van Der VLIET,1510.00
ODE_21_Majbritt Toft HANSEN,1510.00
AHB_9_Laura THESTRUP,1510.00
IKA_33_Thale Rushfeldt DEILA,1510.00
IKA_23_Elma HALILCEVIC,1510.00
BFH_19_Rikke JOCHUMSEN,1510.00
BFH_20_Stine Opstrup KRISTENSEN,1510.00
SKB_10_Kathrine HEINDAHL,1510.00
SKB_27_Anne Tolstrup PETERSEN,1510.00
TES_2_Boline LAURSEN,1510.00
AHB_19_Rikke Dahl NIELSEN,1510.00
BFH_77_Alberte EBLER,1510.00
BFH_5_Clara SKØTT,1510.00
KBH_18_Sidsel POULSEN,1510.00
BFH_10_Pernille BRANDENBORG,1510.00
BFH_15_Emma NAVNE,1510.00
KBH_9_Mathilde PIIL,1510.00
KBH_19_Rikke Dahl NIELSEN,1510.00
BFH_6_Freja COHRT,1510.00
KBH_31_Marianne HAUGSTED,1510.00
EHA_7_Maja Munch LAURSEN,1510.00
SVK_21_Frederikke GULMARK,1510.00
RIN_77_Line Mai HOUGAARD,1510.00
RIN_19_Amanda Loft HANSEN,1510.00
SKB_10_Mathilda LUNDSTRØM,1510.00
HHE_14_Verona REXHEPI,1510.00
HHE_10_Filippa NEDOVIC,1510.00
HHE_3_Clara BANG,1510.00
TES_8_Stine EIBERG,1510.00
SJE_14_Mai KRAGBALLE,1510.00
RIN_19_Sara HALD,1510.00
VHK_3_Maria Berger WIERZBA,1510.00
RIN_26_Christina PEDERSEN,1510.00
SVK_14_Anna Berger WIERZBA,1510.00
AHB_7_Maja Munch LAURSEN,1510.00
BFH_6_Malin AUNE,1510.00
ODE_31_Marianne HAUGSTED,1510.00
EHA_3_Sarah Vest KIRKELØKKE,1510.00
AHB_30_Clara LERBY,1510.00
EHA_77_Alberte EBLER,1510.00
AHB_10_Sofie LASSEN,1510.00
EHA_14_Anna Berger WIERZBA,1510.00
HHE_14_Emma LINDQVIST,1510.00
IKA_9_Annika MEYER,1510.00
HHE_2_Matilde KONDRUP NIELSEN,1510.00
HHE_17_Simone PETERSEN,1510.00
HHE_8_Live RUSHFELDT DEILA,1510.00
IKA_8_Stine EIBERG,1510.00
IKA_18_Alberte KIELSTRUP,1510.00
IKA_20_Maja MAGNUSSEN,1510.00
NFH_6_Cecilie BRANDT,1510.00
IKA_12_Catharina BROCH,1510.00
NFH_31_Ida-Marie DAHL,1510.00
KBH_7_Maja Munch LAURSEN,1510.00
SVK_17_Tabea SCHMID,1510.00
EHA_14_Verona REXHEPI,1510.00
SVK_2_Cecilie BJERRE,1510.00
RIN_23_Thilde FRANDSEN,1510.00
SJE_2_Boline LAURSEN,1510.00
SKB_31_Ida-Marie DAHL,1510.00
SKB_28_Sarah PAULSEN,1510.00
EHA_11_Rikke IVERSEN,1510.00
EHA_27_Anne Tolstrup PETERSEN,1510.00
EHA_25_Henny REISTAD,1510.00
BFH_8_Stine EIBERG,1510.00
BFH_18_Alberte KIELSTRUP,1510.00
VHK_6_Malin AUNE,1510.00
ODE_9_Laura THESTRUP,1510.00
ODE_14_Camilla DEGN,1510.00
VHK_3_Maren AARDAHL,1510.00
AHB_21_Helene KINDBERG,1510.00
AHB_20_Stine Opstrup KRISTENSEN,1510.00
RIN_17_Line Berggren LARSEN,1510.00
HHE_4_Emilie BANGSHØI,1510.00
BFH_3_Alma SKRETTING,1510.00
BFH_9_Annika MEYER,1510.00
KBH_28_Maiken SKOV,1510.00
KBH_4_Cecilie TERMANSEN,1510.00
SKB_18_Maria LYKKEGAARD,1510.00
IKA_14_Verona REXHEPI,1510.00
IKA_20_Suna HANSEN,1510.00
IKA_25_Astrid LYNNERUP,1510.00
IKA_22_Anne-Sofie FILTENBORG,1510.00
SKB_77_Line Mai HOUGAARD,1510.00
SVK_33_Thale Rushfeldt DEILA,1510.00
ODE_7_Maja Munch LAURSEN,1510.00
ODE_11_Sara MADSEN,1510.00
SVK_23_Elma HALILCEVIC,1510.00
ODE_31_Andrea West BENDTSEN,1510.00
SVK_3_Maren AARDAHL,1510.00
TES_14_Louise ELLEBÆK,1510.00
SJE_20_Marit Røsberg JACOBSEN,1510.00
TES_6_Lea HANSEN,1510.00
TES_10_Nicoline OLSEN,1510.00
SJE_26_Nicoline Kjær NIELSEN,1510.00
SJE_17_Elin HANSSON,1510.00
SJE_3_Kaja Kamp NIELSEN,1510.00
TES_22_Olivia SIMONSEN,1510.00
TES_8_Karine DAHLUM,1510.00
SJE_11_Rikke IVERSEN,1510.00
TES_24_Josefine DRAGENBERG,1510.00
SJE_14_Judith VAN DER HELM,1510.00
NFH_77_Jana MITTÚN,1510.00
NFH_21_Anne HYKKELBJERG,1510.00
NFH_18_Henriette HANSEN,1510.00
IKA_11_Rikke IVERSEN,1510.00
TES_18_Maria LYKKEGAARD,1510.00
IKA_22_Line HAUGSTED,1510.00
TES_14_Emma LINDQVIST,1510.00
IKA_17_Elin HANSSON,1510.00
SVK_6_Moa HÖGDAHL,1510.00
NFH_31_Andrea West BENDTSEN,1510.00
SVK_22_Zoë SPRENGERS,1510.00
SVK_49_Aimée VON PEREIRA,1510.00
AHB_23_Elma HALILCEVIC,1510.00
AHB_27_Louise BURGAARD,1510.00
KBH_23_Nanna HINNERFELDT,1510.00
KBH_3_Maria Berger WIERZBA,1510.00
SKB_11_Arlinda HAJDARI,1510.00
BFH_10_Filippa NEDOVIC,1510.00
BFH_14_Verona REXHEPI,1510.00
BFH_20_Suna HANSEN,1510.00
SKB_19_Rikke Dahl NIELSEN,1510.00
BFH_22_Anne-Sofie FILTENBORG,1510.00
SJE_28_Maiken SKOV,1510.00
SJE_5_Anna Hviid BANG,1510.00
EHA_28_Sarah PAULSEN,1510.00
VHK_9_Annika MEYER,1510.00
HHE_77_Jana MITTÚN,1510.00
HHE_5_Marielle MARTINSEN,1510.00
VHK_33_Laura Holm ANDERSEN,1510.00
AHB_20_Maja MAGNUSSEN,1510.00
AHB_8_Stine EIBERG,1510.00
AHB_11_Rosa SCHMIDT,1510.00
TES_18_Sidsel POULSEN,1510.00
BFH_20_Marit Røsberg JACOBSEN,1510.00
TES_72_Line FRANDSEN,1510.00
TES_5_Sofie LUND,1510.00
BFH_17_Elin HANSSON,1510.00
BFH_3_Kaja Kamp NIELSEN,1510.00
BFH_29_Sarah DEKKER,1510.00
SJE_21_Ingvild BAKKERUD,1510.00
IKA_17_June BØTTGER,1510.00
KBH_44_Nikita Van Der VLIET,1510.00
HHE_15_Karen KLOKKER,1510.00
HHE_4_Maria HOLM,1510.00
HHE_3_Isabella POULSEN,1510.00
SVK_14_Mai KRAGBALLE,1510.00
SKB_5_Marielle MARTINSEN,1510.00
SKB_21_Anne HYKKELBJERG,1510.00
EHA_73_Karoline FAHLBERG,1510.00
ODE_3_Maria Berger WIERZBA,1510.00
ODE_18_Emilie ROSBORG,1510.00
RIN_10_Anna GRUNDTVIG,1510.00
EHA_19_Amanda Loft HANSEN,1510.00
IKA_10_Sofie LASSEN,1510.00
AHB_20_Ditte TOKKESDAL,1510.00
HHE_14_Anna Berger WIERZBA,1510.00
KBH_26_Mona OBAIDLI,1510.00
KBH_21_Matilde VESTERGAARD,1510.00
TES_26_Christina PEDERSEN,1510.00
VHK_22_Line HAUGSTED,1510.00
VHK_4_Michala MØLLER,1510.00
VHK_29_Sarah DEKKER,1510.00
SVK_10_Filippa NEDOVIC,1510.00
SKB_13_Mathilde KRISTENSEN,1510.00
SKB_21_Maja EDLING,1510.00
SJE_31_Marianne HAUGSTED,1510.00
SJE_19_Rikke Dahl NIELSEN,1510.00
BFH_12_Stine BROLØS,1510.00
SJE_9_Mathilde PIIL,1510.00
BFH_17_June BØTTGER,1510.00
SJE_11_Arlinda HAJDARI,1510.00
BFH_6_Lea HANSEN,1510.00
SJE_21_Emma ERNST,1510.00
BFH_28_Sarah PAULSEN,1510.00
BFH_24_Josefine DRAGENBERG,1510.00
ODE_17_Lin JOHANNSEN,1510.00
ODE_10_Sofie LASSEN,1510.00
BFH_6_Cecilie BRANDT,1510.00
IKA_10_Melina KRISTENSEN,1510.00
BFH_21_Ingvild BAKKERUD,1510.00
BFH_20_Ane HØGSETH,1510.00
BFH_77_Line Mai HOUGAARD,1510.00
NFH_33_Emma LAURSEN,1510.00
AHB_10_Filippa NEDOVIC,1510.00
SKB_7_Emma MOGENSEN,1510.00
SKB_15_Sofia DEEN,1510.00
AHB_20_Suna HANSEN,1510.00
VHK_22_Olivia SIMONSEN,1510.00
VHK_26_Nora PERSSON,1510.00
SVK_8_Live RUSHFELDT DEILA,1510.00
HHE_11_Martha NICKELSEN,1510.00
HHE_25_Tonje LØSETH,1510.00
HHE_10_Pernille BRANDENBORG,1510.00
KBH_7_Maria Palsdottir NÓLSOY,1510.00
HHE_21_Helene KINDBERG,1510.00
KBH_33_Laura Holm ANDERSEN,1510.00
BFH_30_Clara LERBY,1510.00
SJE_21_Maja EDLING,1510.00
SVK_24_Josefine DRAGENBERG,1510.00
TES_18_Mathilde ØSTERGAARD,1510.00
AHB_11_Rikke IVERSEN,1510.00
TES_3_Sarah Vest KIRKELØKKE,1510.00
TES_23_Nikoline SAX,1510.00
NFH_6_Malin AUNE,1510.00
RIN_19_Frida Haug HOEL,1510.00
HHE_18_Emilie ROSBORG,1510.00
HHE_10_Frida Høgaard NIELSEN,1510.00
VHK_22_Lærke NOLSØE,1510.00
IKA_18_Henriette HANSEN,1510.00
VHK_20_Ane HØGSETH,1510.00
VHK_8_Jamina ROBERTS,1510.00
VHK_2_Matilde KONDRUP NIELSEN,1510.00
BFH_3_Alberte SIMONSEN,1510.00
BFH_9_Laura THESTRUP,1510.00
IKA_6_Thea RASMUSSEN,1510.00
SVK_8_Jamina ROBERTS,1510.00
SVK_19_Amanda Loft HANSEN,1510.00
HHE_20_Lysa DEFO,1510.00
HHE_44_Nikita Van Der VLIET,1510.00
ODE_6_Maria HØJGAARD,1510.00
SKB_23_Nanna HINNERFELDT,1510.00
SKB_15_Jane MEJLVANG,1510.00
RIN_2_Boline LAURSEN,1510.00
SJE_14_Anna Berger WIERZBA,1510.00
AHB_24_Josefine DRAGENBERG,1510.00
IKA_18_Mathilde ØSTERGAARD,1510.00
AHB_22_Lærke NOLSØE,1510.00
IKA_8_Freja GANDRUP ERNST,1510.00
HHE_6_Moa HÖGDAHL,1510.00
SKB_44_Nikita Van Der VLIET,1510.00
ODE_14_Verona REXHEPI,1510.00
ODE_26_Christina HANSEN,1510.00
SKB_27_Louise BURGAARD,1510.00
SJE_7_Emilie YTTING,1510.00
KBH_7_Melissa PETRÉN,1510.00
KBH_14_Louise ELLEBÆK,1510.00
BFH_7_Maja Munch LAURSEN,1510.00
ODE_25_Henny REISTAD,1510.00
SVK_77_Jana MITTÚN,1510.00
SVK_9_Laura THESTRUP,1510.00
SVK_3_Alberte SIMONSEN,1510.00
SJE_15_Jane MEJLVANG,1510.00
BFH_18_Mathilde ØSTERGAARD,1510.00
BFH_22_Tania Bilde KNUDSEN,1510.00
NFH_8_Live RUSHFELDT DEILA,1510.00
SJE_28_Clara Skyum THOMSEN,1510.00
SJE_3_Maren AARDAHL,1510.00
ODE_31_Ida-Marie DAHL,1510.00
SJE_20_Lysa DEFO,1510.00
RIN_8_Jamina ROBERTS,1510.00
BFH_7_Emilie YTTING,1510.00
KBH_4_Emilie BANGSHØI,1510.00
KBH_25_Laura JENSEN,1510.00
SVK_17_Lin JOHANNSEN,1510.00
SVK_4_Cecilie TERMANSEN,1510.00
VHK_14_Anna Berger WIERZBA,1510.00
VHK_7_Emma MOGENSEN,1510.00
AHB_26_Christina PEDERSEN,1510.00
VHK_17_Tabea SCHMID,1510.00
RIN_11_Arlinda HAJDARI,1510.00
RIN_29_Sara LILHOLT,1510.00
RIN_9_Mathilde PIIL,1510.00
EHA_11_Mia LAGUMDZIJA,1510.00
ODE_20_Ane HØGSETH,1510.00
SJE_18_Alberte KIELSTRUP,1510.00
TES_39_Melanie BAK,1510.00
HHE_29_Sarah DEKKER,1510.00
HHE_18_Mette TRANBORG,1510.00
HHE_25_Henny REISTAD,1510.00
HHE_22_Line HAUGSTED,1510.00
HHE_14_Judith VAN DER HELM,1510.00
SVK_11_Sophia SNOGDAL,1510.00
KBH_23_Thilde FRANDSEN,1510.00
BFH_27_Louise BURGAARD,1510.00
BFH_20_Lysa DEFO,1510.00
BFH_28_Clara Skyum THOMSEN,1510.00
SKB_3_Kaja Kamp NIELSEN,1510.00
SKB_22_Line HAUGSTED,1510.00
SJE_20_Ditte TOKKESDAL,1510.00
IKA_34_Sofie BARDRUM,1510.00
NFH_22_Lærke NOLSØE,1510.00
RIN_9_Laura THESTRUP,1510.00
RIN_3_Alberte SIMONSEN,1510.00
HHE_66_Faye JANSON,1509.00
EHA_6_Isabella SØRENSEN,1508.00
IKA_27_Clara Mendgaard SØRENSEN,1508.00
IKA_28_Sofie MØLLER,1506.00
SKB_23_Stine ALMIND,1506.00
SJE_5_Sidsel Mygil MATTESEN,1505.00
RIN_4_Michelle BRANDSTRUP BITTNER,1504.00
SJE_21_Majbritt Toft HANSEN,1504.00
VHK_76_Frida JOHANNESEN,1502.00
NFH_3_Maria Berger WIERZBA,1500.00
SVK_18_Mette TRANBORG,1500.00
SVK_25_Henny REISTAD,1500.00
TES_4_Maria HOLM,1500.00
SJE_9_Laura THESTRUP,1500.00
SJE_19_Sara HALD,1500.00
HHE_4_Catharina MOLENAAR,1500.00
VHK_14_Emma LINDQVIST,1500.00
VHK_19_Amanda Loft HANSEN,1500.00
HHE_5_Caroline SVARRE,1500.00
RIN_16_Andrea AUSTMO,1500.00
HHE_3_Maria Berger WIERZBA,1500.00
RIN_10_Mathilda LUNDSTRØM,1500.00
TES_2_Majken Hedegaard NIELSEN,1500.00
AHB_3_Kaja Kamp NIELSEN,1500.00
KBH_2_Boline LAURSEN,1500.00
SVK_28_Sarah PAULSEN,1500.00
SVK_14_Louise ELLEBÆK,1500.00
EHA_72_Line FRANDSEN,1500.00
SJE_3_Sarah Vest KIRKELØKKE,1500.00
AHB_31_Ida-Marie DAHL,1500.00
SJE_15_Sofia DEEN,1500.00
KBH_11_Rikke IVERSEN,1500.00
EHA_18_Alberte KIELSTRUP,1500.00
NFH_10_Sofie LASSEN,1500.00
HHE_10_Anna GRUNDTVIG,1500.00
SKB_33_Emma LAURSEN,1500.00
IKA_7_Maja Munch LAURSEN,1500.00
IKA_31_Andrea West BENDTSEN,1500.00
NFH_3_Alma SKRETTING,1500.00
NFH_10_Mathilda LUNDSTRØM,1500.00
IKA_15_Sofia DEEN,1500.00
SKB_34_Andrea HANSEN,1500.00
RIN_18_Mette TRANBORG,1500.00
SJE_15_Emma NAVNE,1500.00
EHA_19_Sara HALD,1500.00
VHK_21_Frederikke GULMARK,1500.00
KBH_7_Stine SKOGRAND,1500.00
KBH_14_Emma LINDQVIST,1500.00
TES_32_Mie HØJLUND,1500.00
TES_3_Maren AARDAHL,1500.00
RIN_10_Nicoline OLSEN,1500.00
RIN_14_Louise ELLEBÆK,1500.00
EHA_14_Mai KRAGBALLE,1500.00
EHA_19_Frida Haug HOEL,1500.00
EHA_21_Romee MAARSCHALKEWEERD,1500.00
VHK_11_Sara MADSEN,1500.00
VHK_4_Maria HOLM,1500.00
ODE_10_Nicoline OLSEN,1500.00
IKA_32_Mie HØJLUND,1500.00
IKA_44_Nikita Van Der VLIET,1500.00
KBH_5_Marielle MARTINSEN,1500.00
KBH_3_Alberte SIMONSEN,1500.00
SKB_25_Henny REISTAD,1500.00
BFH_14_Anna Berger WIERZBA,1500.00
KBH_11_Arlinda HAJDARI,1500.00
EHA_11_Sara MADSEN,1500.00
SKB_14_Mai KRAGBALLE,1500.00
HHE_2_Boline LAURSEN,1500.00
TES_49_Aimée VON PEREIRA,1500.00
NFH_11_Rikke IVERSEN,1500.00
SJE_21_Romee MAARSCHALKEWEERD,1500.00
SJE_33_Laura Holm ANDERSEN,1500.00
HHE_7_Melissa PETRÉN,1500.00
VHK_23_Nanna HINNERFELDT,1500.00
SVK_18_Mathilde ØSTERGAARD,1500.00
AHB_4_Maria HOLM,1500.00
BFH_22_Ragnhild DAHL,1500.00
BFH_44_Nikita Van Der VLIET,1500.00
BFH_10_Anna GRUNDTVIG,1500.00
EHA_17_Line Berggren LARSEN,1500.00
IKA_19_Frida Haug HOEL,1500.00
IKA_1_Mathilde BISGAARD,1500.00
TES_21_Romee MAARSCHALKEWEERD,1500.00
TES_16_Andrea AUSTMO,1500.00
NFH_51_Markéta JERÁBKOVÁ,1500.00
SJE_22_Zoë SPRENGERS,1500.00
KBH_15_Karen KLOKKER,1500.00
KBH_4_Maria HOLM,1500.00
EHA_2_Boline LAURSEN,1500.00
EHA_25_Astrid LYNNERUP,1500.00
SVK_5_Caroline SVARRE,1500.00
SJE_25_Astrid LYNNERUP,1500.00
SJE_10_Filippa NEDOVIC,1500.00
SJE_44_Nicoline LAURITSEN,1500.00
NFH_19_Rikke Dahl NIELSEN,1500.00
AHB_17_Tabea SCHMID,1500.00
AHB_4_Catharina MOLENAAR,1500.00
AHB_5_Caroline SVARRE,1500.00
BFH_11_Fanny ELOVSSON,1500.00
BFH_21_Romee MAARSCHALKEWEERD,1500.00
BFH_14_Mai KRAGBALLE,1500.00
EHA_25_Tonje LØSETH,1500.00
IKA_13_Tilde ULRICHSEN,1500.00
SKB_14_Emma LINDQVIST,1500.00
ODE_15_Karen KLOKKER,1500.00
TES_17_June BØTTGER,1500.00
VHK_20_Maja MAGNUSSEN,1500.00
VHK_6_Moa HÖGDAHL,1500.00
IKA_20_Marit Røsberg JACOBSEN,1500.00
IKA_29_Sarah DEKKER,1500.00
SVK_8_Stine EIBERG,1500.00
NFH_7_Maja Munch LAURSEN,1500.00
NFH_4_Maria HOLM,1500.00
ODE_4_Katrine JACOBSEN,1500.00
ODE_14_Anna Berger WIERZBA,1500.00
RIN_17_Tabea SCHMID,1500.00
KBH_5_Caroline SVARRE,1500.00
RIN_25_Tonje LØSETH,1500.00
EHA_17_June BØTTGER,1500.00
EHA_22_Olivia SIMONSEN,1500.00
EHA_10_Nicoline OLSEN,1500.00
NFH_7_Emma MOGENSEN,1500.00
AHB_26_Mona OBAIDLI,1500.00
BFH_24_Sanna SOLBERG,1500.00
ODE_10_Pernille BRANDENBORG,1500.00
SVK_9_Annika MEYER,1500.00
VHK_22_Anne-Sofie FILTENBORG,1500.00
EHA_15_Jane MEJLVANG,1500.00
RIN_28_Clara Skyum THOMSEN,1500.00
ODE_23_Nanna HINNERFELDT,1500.00
RIN_23_Elma HALILCEVIC,1500.00
EHA_21_Ingvild BAKKERUD,1500.00
KBH_49_Aimée VON PEREIRA,1500.00
KBH_34_Sofie BARDRUM,1500.00
NFH_25_Tonje LØSETH,1500.00
VHK_11_Rikke IVERSEN,1500.00
VHK_16_Amalie MILLING,1500.00
SJE_18_Sidsel POULSEN,1500.00
BFH_18_Maria LYKKEGAARD,1500.00
NFH_15_Jane MEJLVANG,1500.00
SKB_4_Katrine JACOBSEN,1500.00
SJE_26_Christina PEDERSEN,1500.00
SVK_14_Judith VAN DER HELM,1500.00
AHB_8_Live RUSHFELDT DEILA,1500.00
TES_10_Frederikke WAAGE-JENSEN,1500.00
NFH_44_Nikita Van Der VLIET,1500.00
RIN_39_Melanie BAK,1500.00
IKA_8_Elma ÖRTEMARK,1500.00
KBH_18_Mette TRANBORG,1500.00
HHE_23_Elma HALILCEVIC,1500.00
AHB_28_Sarah PAULSEN,1500.00
IKA_17_Line Berggren LARSEN,1500.00
KBH_31_Ida-Marie DAHL,1500.00
BFH_15_Karen KLOKKER,1500.00
SVK_29_Sara LILHOLT,1500.00
SKB_21_Matilde VESTERGAARD,1500.00
HHE_19_Mette BRANDT,1500.00
RIN_8_Karine DAHLUM,1500.00
RIN_17_June BØTTGER,1500.00
IKA_22_Sofie ØSTERGAARD,1500.00
IKA_23_Nanna HINNERFELDT,1500.00
EHA_15_Karen KLOKKER,1500.00
EHA_23_Thilde FRANDSEN,1500.00
SJE_2_Caroline AAR,1500.00
TES_20_Ditte TOKKESDAL,1500.00
SKB_28_Merel FREDRIKS,1500.00
HHE_31_Ida-Marie DAHL,1500.00
SJE_22_Sille Cecilie SORTH,1500.00
IKA_49_Aimée VON PEREIRA,1500.00
NFH_14_Emma LINDQVIST,1500.00
BFH_14_Sara LILHOLT,1497.00
16_Anine NORDAHL,1497.00
KBH_44_Meret OSSENKOPP,1496.00
TES_19_Marika Kildegaard JENSEN,1496.00
ODE_12_Andrea Nørklit JØRGENSEN,1494.00
EHA_5_Anna BANG,1492.00
SVK_18_Signe Helle JOHNSEN,1492.00
HHE_1_Mathilde BISGAARD,1492.00
VHK_12_Ida Marie KAYSEN,1492.00
SVK_27_Signe Helle JOHNSEN,1492.00
TES_31_Louise HAANDBÆK,1492.00
NFH_18_Emilie ROSBORG,1490.00
TES_21_Maja EDLING,1490.00
TES_13_Mathilde KRISTENSEN,1490.00
TES_18_Natasja ANDREASEN,1490.00
IKA_29_Caroline KOTTAL CLAUSEN,1490.00
IKA_31_Marianne HAUGSTED,1490.00
VHK_10_Nicoline OLSEN,1490.00
SJE_5_Marielle MARTINSEN,1490.00
VHK_14_Louise ELLEBÆK,1490.00
AHB_7_Annika Solberg DALSAGER,1490.00
KBH_21_Romee MAARSCHALKEWEERD,1490.00
HHE_15_Emma NAVNE,1490.00
KBH_19_Frida Haug HOEL,1490.00
KBH_11_Fanny ELOVSSON,1490.00
IKA_9_Laura THESTRUP,1490.00
HHE_16_Andrea AUSTMO,1490.00
RIN_14_Mai KRAGBALLE,1490.00
ODE_8_Stine EIBERG,1490.00
NFH_33_Thale Rushfeldt DEILA,1490.00
ODE_15_Kalidiatou NIAKATE,1490.00
TES_77_Alberte EBLER,1490.00
TES_14_Anna Berger WIERZBA,1490.00
TES_15_Sofia DEEN,1490.00
KBH_22_Anne-Sofie FILTENBORG,1490.00
SKB_17_Tabea SCHMID,1490.00
KBH_20_Suna HANSEN,1490.00
SVK_7_Melissa PETRÉN,1490.00
EHA_5_Sofie LUND,1490.00
EHA_31_Marianne HAUGSTED,1490.00
EHA_21_Emma ERNST,1490.00
BFH_23_Silje BRØNS,1490.00
AHB_17_June BØTTGER,1490.00
AHB_9_Filippa NYMAN,1490.00
KBH_8_Live DEILA,1490.00
KBH_27_Anne Tolstrup PETERSEN,1490.00
EHA_26_Mona OBAIDLI,1490.00
ODE_21_Romee MAARSCHALKEWEERD,1490.00
ODE_22_Sille Cecilie SORTH,1490.00
VHK_7_Line GYLDENLØVE,1490.00
BFH_73_Nanna Skovmose VINTHER,1490.00
VHK_21_Emma ERNST,1490.00
RIN_20_Suna HANSEN,1490.00
HHE_29_Julie Vibe SEEBERG,1490.00
AHB_14_Emma LINDQVIST,1490.00
AHB_7_Stine SKOGRAND,1490.00
ODE_3_Clara BANG,1490.00
RIN_8_Live RUSHFELDT DEILA,1490.00
SJE_22_Stine JØRGENSEN,1490.00
VHK_7_Marlene DAHLMANN,1490.00
EHA_26_Christina PEDERSEN,1490.00
IKA_7_Emilie Ytting PEDERSEN,1490.00
KBH_11_Sarah Aaberg IVERSEN,1490.00
SKB_2_Caroline AAR,1490.00
NFH_7_Annika Solberg DALSAGER,1490.00
NFH_10_Filippa NEDOVIC,1490.00
TES_20_Lysa DEFO,1490.00
ODE_11_Rikke IVERSEN,1490.00
ODE_18_Mette TRANBORG,1490.00
ODE_8_Live RUSHFELDT DEILA,1490.00
ODE_10_Kathrine HEINDAHL,1490.00
TES_44_Nikita Van Der VLIET,1490.00
RIN_22_Olivia SIMONSEN,1490.00
SJE_33_Emma LAURSEN,1490.00
HHE_30_Clara LERBY,1490.00
VHK_13_Mathilde KRISTENSEN,1490.00
AHB_14_Camilla DEGN,1490.00
AHB_18_Henriette HANSEN,1490.00
AHB_8_Elma ÖRTEMARK,1490.00
AHB_3_Alberte SIMONSEN,1490.00
ODE_7_Stine SKOGRAND,1490.00
ODE_51_Markéta JERÁBKOVÁ,1490.00
VHK_10_Pernille BRANDENBORG,1490.00
VHK_4_Catharina MOLENAAR,1490.00
BFH_22_Sofie ØSTERGAARD,1490.00
RIN_7_Line GYLDENLØVE,1490.00
SKB_17_Elin HANSSON,1490.00
TES_22_Anne-Sofie FILTENBORG,1490.00
TES_26_Christina HANSEN,1490.00
TES_10_Filippa NEDOVIC,1490.00
AHB_21_Emma ERNST,1490.00
SVK_19_Rikke Dahl NIELSEN,1490.00
BFH_23_Thilde FRANDSEN,1490.00
SVK_11_Arlinda HAJDARI,1490.00
BFH_19_Laura Galle HANSEN,1490.00
SVK_8_Tine GEERTSEN,1490.00
IKA_15_Jane MEJLVANG,1490.00
RIN_51_Markéta JERÁBKOVÁ,1490.00
IKA_18_Emilie ROSBORG,1490.00
SKB_11_Fanny ELOVSSON,1490.00
HHE_25_Astrid LYNNERUP,1490.00
TES_2_Caroline AAR,1490.00
NFH_18_Mette TRANBORG,1490.00
TES_26_Mona OBAIDLI,1490.00
NFH_27_Anne Tolstrup PETERSEN,1490.00
TES_15_Kalidiatou NIAKATE,1490.00
SJE_39_Melanie BAK,1490.00
HHE_22_Olivia SIMONSEN,1490.00
VHK_19_Rikke JOCHUMSEN,1490.00
VHK_5_Caroline SVARRE,1490.00
SVK_3_Sarah Vest KIRKELØKKE,1490.00
SVK_10_Frederikke WAAGE-JENSEN,1490.00
AHB_21_Maja EDLING,1490.00
AHB_11_Sara MADSEN,1490.00
ODE_10_Melina KRISTENSEN,1490.00
EHA_15_Sofia DEEN,1490.00
AHB_28_Maiken SKOV,1490.00
1_Elin THORSTEINSDOTTER,1490.00
HHE_11_Sarah Aaberg IVERSEN,1490.00
IKA_21_Romee MAARSCHALKEWEERD,1490.00
TES_3_Alma SKRETTING,1490.00
IKA_21_Matilde VESTERGAARD,1490.00
KBH_6_Thea RASMUSSEN,1490.00
SVK_25_Tonje LØSETH,1490.00
EHA_10_Filippa NEDOVIC,1490.00
SKB_23_Silje BRØNS,1490.00
SKB_5_Anna Hviid BANG,1490.00
SKB_21_Frederikke GULMARK,1490.00
EHA_44_Nicoline LAURITSEN,1490.00
RIN_4_Maria HOLM,1490.00
SVK_18_Emilie ROSBORG,1490.00
SKB_5_Sidsel Mygil MATTESEN,1490.00
EHA_22_Line HAUGSTED,1490.00
TES_10_Sofie LASSEN,1490.00
TES_22_Mirja LYNGSØ,1490.00
TES_21_Frederikke GULMARK,1490.00
TES_30_Clara LERBY,1490.00
BFH_21_Matilde VESTERGAARD,1490.00
NFH_72_Line FRANDSEN,1490.00
BFH_2_Caroline AAR,1490.00
ODE_73_Nanna Skovmose VINTHER,1490.00
VHK_10_Anna GRUNDTVIG,1490.00
KBH_4_Katrine JACOBSEN,1490.00
AHB_11_Martha NICKELSEN,1490.00
KBH_77_Alberte EBLER,1490.00
RIN_3_Sarah Vest KIRKELØKKE,1490.00
RIN_18_Mathilde ØSTERGAARD,1490.00
AHB_33_Emma LAURSEN,1490.00
RIN_77_Alberte EBLER,1490.00
AHB_23_Nanna HINNERFELDT,1490.00
RIN_25_Ida GÖTZSCHE,1490.00
HHE_19_Rikke Dahl NIELSEN,1490.00
EHA_10_Pernille BRANDENBORG,1490.00
SKB_19_Amanda Loft HANSEN,1490.00
IKA_11_Mia LAGUMDZIJA,1490.00
SKB_23_Lina Thorstein LÜTZHØFT,1490.00
VHK_26_Mona OBAIDLI,1490.00
NFH_19_Sara HALD,1490.00
VHK_49_Aimée VON PEREIRA,1490.00
VHK_34_Sofie BARDRUM,1490.00
NFH_9_Laura THESTRUP,1490.00
SVK_20_Maja MAGNUSSEN,1490.00
ODE_77_Alberte EBLER,1490.00
KBH_8_Camilla PEDERSEN,1490.00
BFH_44_Nicoline LAURITSEN,1490.00
BFH_25_Astrid LYNNERUP,1490.00
SKB_44_Louise HALD,1490.00
SJE_22_Mirja LYNGSØ,1490.00
VHK_11_Fanny ELOVSSON,1490.00
HHE_19_Sara HALD,1490.00
VHK_22_Sille Cecilie SORTH,1490.00
VHK_20_Ditte TOKKESDAL,1490.00
NFH_17_Line Berggren LARSEN,1490.00
AHB_22_Zoë SPRENGERS,1490.00
AHB_2_Caroline AAR,1490.00
NFH_77_Alberte EBLER,1490.00
AHB_18_Alberte KIELSTRUP,1490.00
BFH_25_Henny REISTAD,1490.00
TES_19_Rikke Dahl NIELSEN,1490.00
TES_21_Emma ERNST,1490.00
SJE_14_Emma LINDQVIST,1490.00
SJE_22_Lærke NOLSØE,1490.00
ODE_17_Tabea SCHMID,1490.00
ODE_15_Emma NAVNE,1490.00
ODE_21_Helene KINDBERG,1490.00
KBH_3_Maren AARDAHL,1490.00
ODE_9_Ditte BACH,1490.00
KBH_23_Elma HALILCEVIC,1490.00
KBH_33_Thale Rushfeldt DEILA,1490.00
KBH_20_Lysa DEFO,1490.00
HHE_23_Thilde FRANDSEN,1490.00
HHE_31_Andrea West BENDTSEN,1490.00
SKB_77_Jana MITTÚN,1490.00
SKB_9_Laura THESTRUP,1490.00
EHA_23_Nanna HINNERFELDT,1490.00
EHA_20_Stine Opstrup KRISTENSEN,1490.00
EHA_10_Frida Høgaard NIELSEN,1490.00
EHA_3_Maria Berger WIERZBA,1490.00
ODE_10_Frida Høgaard NIELSEN,1490.00
IKA_4_Cecilie TERMANSEN,1490.00
EHA_2_Matilde KONDRUP NIELSEN,1490.00
HHE_77_Alberte EBLER,1490.00
HHE_10_Frederikke WAAGE-JENSEN,1490.00
AHB_6_Maria HØJGAARD,1490.00
NFH_10_Pernille BRANDENBORG,1490.00
KBH_18_Alberte KIELSTRUP,1490.00
KBH_11_Rosa SCHMIDT,1490.00
KBH_8_Stine EIBERG,1490.00
TES_77_Jana MITTÚN,1490.00
VHK_17_Elin HANSSON,1490.00
SVK_22_Anne-Sofie FILTENBORG,1490.00
EHA_28_Clara Skyum THOMSEN,1490.00
BFH_14_Emma LINDQVIST,1490.00
IKA_21_Emma ERNST,1490.00
RIN_11_Rosa SCHMIDT,1490.00
SKB_14_Anna Berger WIERZBA,1490.00
VHK_17_June BØTTGER,1490.00
VHK_8_Karine DAHLUM,1490.00
VHK_31_Ida-Marie DAHL,1490.00
SVK_17_Elin HANSSON,1490.00
SVK_4_Michala MØLLER,1490.00
TES_11_Sara MADSEN,1490.00
BFH_10_Sofie LASSEN,1490.00
BFH_21_Frederikke GULMARK,1490.00
EHA_4_Emilie BANGSHØI,1490.00
SJE_15_Karen KLOKKER,1490.00
AHB_17_Elin HANSSON,1490.00
AHB_29_Sarah DEKKER,1490.00
TES_7_Emma MOGENSEN,1490.00
KBH_10_Filippa NEDOVIC,1490.00
SKB_9_Ditte BACH,1490.00
ODE_49_Aimée VON PEREIRA,1490.00
NFH_22_Ragnhild DAHL,1490.00
RIN_22_Sille Cecilie SORTH,1490.00
HHE_33_Emma LAURSEN,1490.00
EHA_49_Aimée VON PEREIRA,1490.00
SVK_20_Ane HØGSETH,1490.00
IKA_13_Mathilde KRISTENSEN,1490.00
SVK_17_Simone PETERSEN,1490.00
TES_15_Emma NAVNE,1490.00
TES_10_Pernille BRANDENBORG,1490.00
TES_25_Tonje LØSETH,1490.00
ODE_7_Maria Palsdottir NÓLSOY,1490.00
HHE_27_Louise BURGAARD,1490.00
AHB_7_Melissa PETRÉN,1490.00
AHB_10_Nicoline OLSEN,1490.00
AHB_20_Ane HØGSETH,1490.00
IKA_3_Sarah Vest KIRKELØKKE,1490.00
IKA_10_Frederikke WAAGE-JENSEN,1490.00
NFH_21_Romee MAARSCHALKEWEERD,1490.00
HHE_15_Kalidiatou NIAKATE,1490.00
NFH_11_Fanny ELOVSSON,1490.00
ODE_22_Anne-Sofie FILTENBORG,1490.00
TES_18_Emilie ROSBORG,1490.00
TES_23_Nanna HINNERFELDT,1490.00
RIN_28_Merel FREDRIKS,1490.00
13_Sara WINDE,1490.00
EHA_3_Alberte SIMONSEN,1490.00
VHK_22_Mirja LYNGSØ,1490.00
SJE_4_Catharina MOLENAAR,1490.00
KBH_8_Karine DAHLUM,1490.00
SJE_9_Ditte BACH,1490.00
BFH_31_Andrea West BENDTSEN,1490.00
SVK_31_Marianne HAUGSTED,1490.00
BFH_21_Maja EDLING,1490.00
SKB_15_Kalidiatou NIAKATE,1490.00
EHA_9_Annika MEYER,1490.00
HHE_5_Anna Hviid BANG,1490.00
EHA_22_Sille Cecilie SORTH,1490.00
VHK_6_Thea RASMUSSEN,1490.00
SJE_3_Maria Berger WIERZBA,1490.00
RIN_24_Josefine DRAGENBERG,1490.00
HHE_7_Annika Solberg DALSAGER,1490.00
HHE_11_Mia LAGUMDZIJA,1490.00
SKB_20_Ditte TOKKESDAL,1490.00
HHE_26_Christina HANSEN,1490.00
HHE_44_Nicoline LAURITSEN,1490.00
NFH_25_Henny REISTAD,1490.00
NFH_4_Michala MØLLER,1490.00
NFH_28_Merel FREDRIKS,1490.00
TES_18_Alberte KIELSTRUP,1490.00
NFH_38_Mia EMMENEGGER,1490.00
SJE_34_Andrea HANSEN,1490.00
ODE_8_Karine DAHLUM,1490.00
ODE_24_Josefine DRAGENBERG,1490.00
ODE_14_Louise ELLEBÆK,1490.00
ODE_17_June BØTTGER,1490.00
RIN_18_Maria LYKKEGAARD,1490.00
RIN_20_Ane HØGSETH,1490.00
RIN_7_Stine SKOGRAND,1490.00
BFH_9_Ditte BACH,1490.00
SVK_7_Marlene DAHLMANN,1490.00
SVK_22_Mirja LYNGSØ,1490.00
SVK_28_Maiken SKOV,1490.00
VHK_3_Sarah Vest KIRKELØKKE,1490.00
VHK_10_Frederikke WAAGE-JENSEN,1490.00
AHB_5_Marielle MARTINSEN,1490.00
KBH_26_Christina PEDERSEN,1490.00
VHK_7_Emilie Ytting PEDERSEN,1490.00
KBH_18_Henriette HANSEN,1490.00
KBH_77_Jana MITTÚN,1490.00
KBH_8_Elma ÖRTEMARK,1490.00
BFH_3_Maria Berger WIERZBA,1490.00
BFH_33_Emma LAURSEN,1490.00
RIN_72_Line FRANDSEN,1490.00
SKB_19_Mette BRANDT,1490.00
SKB_6_Isabella SØRENSEN,1490.00
SKB_30_Clara LERBY,1490.00
SJE_20_Maja MAGNUSSEN,1490.00
SJE_6_Moa HÖGDAHL,1490.00
NFH_8_Karine DAHLUM,1490.00
NFH_10_Nicoline OLSEN,1490.00
NFH_7_Melissa PETRÉN,1490.00
NFH_17_June BØTTGER,1490.00
HHE_4_Michala MØLLER,1490.00
AHB_31_Andrea West BENDTSEN,1490.00
AHB_15_Karen KLOKKER,1490.00
SVK_15_Sofia DEEN,1490.00
ODE_21_Emma ERNST,1490.00
ODE_25_Laura JENSEN,1490.00
TES_14_Verona REXHEPI,1490.00
AHB_21_Frederikke GULMARK,1490.00
EHA_11_Sophia SNOGDAL,1490.00
HHE_8_Karine DAHLUM,1490.00
NFH_21_Ingvild BAKKERUD,1490.00
RIN_77_Jana MITTÚN,1490.00
10_Sofie LASSEN,1489.00
BFH_24_Josephine NORDSTRØM,1486.00
TES_3_Maria Berger WIERZBA,1486.00
AHB_5_Katarina BERENS,1484.00
1_Anine NORDAHL,1482.00
ODE_22_Mirja LYNGSØ,1480.00
ODE_4_Cecilie TERMANSEN,1480.00
RIN_49_Aimée VON PEREIRA,1480.00
RIN_21_Matilde VESTERGAARD,1480.00
BFH_19_Amanda Loft HANSEN,1480.00
SKB_17_Line Berggren LARSEN,1480.00
SKB_5_Katarina BERENS,1480.00
SKB_77_Alberte EBLER,1480.00
KBH_3_Alma SKRETTING,1480.00
RIN_11_Fanny ELOVSSON,1480.00
RIN_3_Alma SKRETTING,1480.00
NFH_20_Lysa DEFO,1480.00
SJE_13_Mathilde KRISTENSEN,1480.00
BFH_28_Maiken SKOV,1480.00
EHA_11_Arlinda HAJDARI,1480.00
EHA_18_Sidsel POULSEN,1480.00
SJE_23_Nikoline SAX,1480.00
NFH_22_Mirja LYNGSØ,1480.00
EHA_8_Stine EIBERG,1480.00
ODE_11_Fanny ELOVSSON,1480.00
VHK_5_Sofie LUND,1480.00
SKB_5_Caroline SVARRE,1480.00
RIN_4_Emilie BECH,1480.00
RIN_25_Astrid LYNNERUP,1480.00
RIN_22_Anne-Sofie FILTENBORG,1480.00
RIN_3_Kaja Kamp NIELSEN,1480.00
VHK_4_Cecilie TERMANSEN,1480.00
EHA_5_Marielle MARTINSEN,1480.00
KBH_18_Maria LYKKEGAARD,1480.00
NFH_3_Clara BANG,1480.00
TES_33_Thale Rushfeldt DEILA,1480.00
ODE_22_Line HAUGSTED,1480.00
RIN_31_Ida-Marie DAHL,1480.00
HHE_21_Frederikke GULMARK,1480.00
SVK_19_Sara HALD,1480.00
KBH_9_Laura THESTRUP,1480.00
KBH_49_Clara Bro VEILGAARD,1480.00
KBH_19_Sara HALD,1480.00
VHK_11_Martha NICKELSEN,1480.00
RIN_31_Marianne HAUGSTED,1480.00
RIN_19_Rikke Dahl NIELSEN,1480.00
RIN_18_Sidsel POULSEN,1480.00
RIN_44_Louise HALD,1480.00
BFH_3_Sarah Vest KIRKELØKKE,1480.00
KBH_21_Emma ERNST,1480.00
BFH_17_Tabea SCHMID,1480.00
KBH_72_Line FRANDSEN,1480.00
EHA_4_Maria HOLM,1480.00
EHA_13_Mathilde KRISTENSEN,1480.00
IKA_19_Rikke JOCHUMSEN,1480.00
RIN_14_Emma LINDQVIST,1480.00
SKB_3_Alma SKRETTING,1480.00
AHB_13_Mathilde KRISTENSEN,1480.00
HHE_17_Elin HANSSON,1480.00
NFH_11_Sarah Aaberg IVERSEN,1480.00
NFH_22_Olivia SIMONSEN,1480.00
SKB_7_Marlene DAHLMANN,1480.00
BFH_20_Maja MAGNUSSEN,1480.00
NFH_31_Marianne HAUGSTED,1480.00
ODE_26_Christina PEDERSEN,1480.00
RIN_7_Emma MOGENSEN,1480.00
ODE_6_Thea RASMUSSEN,1480.00
NFH_5_Marielle MARTINSEN,1480.00
ODE_3_Sarah Vest KIRKELØKKE,1480.00
AHB_20_Lysa DEFO,1480.00
RIN_10_Pernille BRANDENBORG,1480.00
KBH_20_Stine Opstrup KRISTENSEN,1480.00
RIN_4_Catharina MOLENAAR,1480.00
SKB_31_Marianne HAUGSTED,1480.00
EHA_31_Ida-Marie DAHL,1480.00
VHK_21_Romee MAARSCHALKEWEERD,1480.00
HHE_26_Christina PEDERSEN,1480.00
BFH_11_Rikke IVERSEN,1480.00
SKB_26_Christina PEDERSEN,1480.00
RIN_4_Cecilie TERMANSEN,1480.00
RIN_34_Andrea HANSEN,1480.00
IKA_22_Mirja LYNGSØ,1480.00
AHB_22_Sille Cecilie SORTH,1480.00
HHE_4_Katrine JACOBSEN,1480.00
AHB_9_Annika MEYER,1480.00
NFH_9_Ditte BACH,1480.00
TES_4_Katrine JACOBSEN,1480.00
EHA_21_Matilde VESTERGAARD,1480.00
NFH_6_Isabella SØRENSEN,1480.00
KBH_17_Elin HANSSON,1480.00
ODE_19_Frida Haug HOEL,1480.00
AHB_8_Karine DAHLUM,1480.00
SJE_7_Emma MOGENSEN,1480.00
ODE_4_Michala MØLLER,1480.00
EHA_20_Ditte TOKKESDAL,1480.00
SJE_23_Nanna HINNERFELDT,1480.00
TES_21_Matilde VESTERGAARD,1480.00
AHB_77_Jana MITTÚN,1480.00
VHK_15_Emma NAVNE,1480.00
VHK_9_Ditte BACH,1480.00
BFH_18_Emilie ROSBORG,1480.00
NFH_8_Jamina ROBERTS,1480.00
RIN_21_Anne HYKKELBJERG,1480.00
31_Emma JESSEN,1477.00
SVK_16_Anna VENG,1474.00
SVK_18_Anne Dolberg PLOUGSTRUP,1474.00
SKB_13_Tilde ULRICHSEN,1472.00
SKB_15_Emma NAVNE,1470.00
EHA_19_Rikke Dahl NIELSEN,1470.00
BFH_6_Isabella SØRENSEN,1470.00
VHK_19_Rikke Dahl NIELSEN,1470.00
IKA_15_Karen KLOKKER,1470.00
IKA_4_Katrine JACOBSEN,1470.00
TES_8_Camilla PEDERSEN,1470.00
EHA_3_Alma SKRETTING,1470.00
VHK_15_Karen KLOKKER,1470.00
VHK_15_Sofia DEEN,1470.00
ODE_14_Emma LINDQVIST,1470.00
AHB_31_Marianne HAUGSTED,1470.00
BFH_15_Sofia DEEN,1470.00
AHB_11_Arlinda HAJDARI,1470.00
IKA_20_Stine Opstrup KRISTENSEN,1470.00
NFH_17_Elin HANSSON,1470.00
ODE_18_Sidsel POULSEN,1470.00
NFH_18_Maria LYKKEGAARD,1470.00
IKA_26_Mona OBAIDLI,1470.00
SVK_10_Pernille BRANDENBORG,1470.00
KBH_3_Sarah Vest KIRKELØKKE,1470.00
KBH_10_Sofie LASSEN,1470.00
AHB_7_Emma MOGENSEN,1470.00
RIN_22_Mirja LYNGSØ,1470.00
RIN_22_Ragnhild DAHL,1470.00
NFH_17_Tabea SCHMID,1470.00
SKB_25_Tonje LØSETH,1470.00
HHE_24_Dicte Sønderskov ANDERSEN,1465.00
IKA_10_Pernille BRANDENBORG,1460.00
AHB_10_Pernille BRANDENBORG,1460.00
IKA_15_Emma NAVNE,1450.00
BFH_20_Clara BAK,1444.00
HHE_20_Ditte TOKKESDAL,1440.00
66_Maria Liv Dahl KOERTH,1385.00
26_Katrine LUNDE,1350.00
16_Olivia NYGAARD,1316.00
16_Line CHRISTIANSEN,1189.00
12_Zenia Hald MADSEN,1188.00
1_Irma SCHJÖTT,1137.00
89_Emily Stang SANDO,1124.00
16_Althea REINHARDT,1112.00
12_Andrea Nørklit JØRGENSEN,987.00
12_Anna KRISTENSEN,569.00
26_Nora PERSSON,532.00
12_Ida Marie KAYSEN,448.00
88_Rakul WARDUM,387.00
1_Isabella MATHORNE,320.00
1_Mathilde BISGAARD,297.00
23_Stine ALMIND,268.00
2_Bianca SCHANSSEMA,205.00
38_Yara TEN HOLTE,155.00
16_Amalie MILLING,-99.00
86_Sabine ENGLERT,-197.00
12_Sarah ERNEBJERG,-221.00
16_Anna VENG,-224.00
24_Josephine NORDSTRØM,-229.00
12_Catharina BROCH,-253.00
1_Annika FRIDHEIM,-299.00
1_Sofie BÖRJESSON,-409.00
12_Filippa IDÉHN,-439.00
1_Elin THORSTEINSDOTTIR,-451.00
12_Stine BROLØS,-735.00
20_Anne Christine BOSSEN,-751.00
16_Johanne GRAUGAARD,-765.00
20_Clara BAK,-796.00
16_Andrea AUSTMO,-828.00
22_Stine BONDE,-885.00
16_Louise Bak JENSEN,-1116.00
16_Stephanie ANDERSEN,-1434.00
